Div,Date,Time,HomeTeam,AwayTeam,FTHG,FTAG,FTR,HTHG,HTAG,HTR,HS,AS,HST,AST,HF,AF,HC,AC,HY,AY,HR,AR,B365H,B365D,B365A,BWH,BWD,BWA,IWH,IWD,IWA,PSH,PSD,PSA,WHH,WHD,WHA,VCH,VCD,VCA,MaxH,MaxD,MaxA,AvgH,AvgD,AvgA,B365>2.5,B365<2.5,P>2.5,P<2.5,Max>2.5,Max<2.5,Avg>2.5,Avg<2.5,AHh,B365AHH,B365AHA,PAHH,PAHA,MaxAHH,MaxAHA,AvgAHH,AvgAHA,B365CH,B365CD,B365CA,BWCH,BWCD,BWCA,IWCH,IWCD,IWCA,PSCH,PSCD,PSCA,WHCH,WHCD,WHCA,VCCH,VCCD,VCCA,MaxCH,MaxCD,MaxCA,AvgCH,AvgCD,AvgCA,B365C>2.5,B365C<2.5,PC>2.5,PC<2.5,MaxC>2.5,MaxC<2.5,AvgC>2.5,AvgC<2.5,AHCh,B365CAHH,B365CAHA,PCAHH,PCAHA,MaxCAHH,MaxCAHA,AvgCAHH,AvgCAHA
D1,18/09/2020,19:30,Bayern Munich,Schalke 04,8,0,H,3,0,H,22,5,12,1,11,12,9,2,1,2,0,0,1.1,11,21,1.11,11,16.5,1.15,8,18,1.1,12.11,27.06,1.07,11,26,1.09,12,23,1.15,14,34,1.09,11.59,24.69,1.22,4.33,1.2,4.86,1.22,5,1.2,4.41,-2.75,1.86,2.07,1.84,2.06,1.99,2.1,1.85,2.03,1.1,11,21,1.1,12,18.5,1.15,8,18,1.12,11.35,18.87,1.1,10,19,1.1,11,22,1.15,13.25,25,1.11,10.83,19.76,1.22,4.33,1.23,4.37,1.23,4.75,1.21,4.34,-2.5,1.89,2.04,1.87,2.02,1.95,2.18,1.85,2.02
D1,19/09/2020,14:30,Ein Frankfurt,Bielefeld,1,1,D,0,0,D,18,14,6,4,14,13,14,3,2,2,0,0,1.61,4.2,5.25,1.65,4.1,5,1.7,4,4.7,1.67,4.21,5.08,1.63,4.2,4.8,1.65,4.2,5,1.71,4.5,5.25,1.65,4.19,4.91,1.57,2.37,1.64,2.37,1.68,2.47,1.59,2.34,-1,2.05,1.75,2.14,1.79,2.18,1.84,2.1,1.78,1.72,4,4.5,1.75,3.9,4.5,1.8,3.9,4.2,1.75,4.2,4.67,1.75,3.9,4.33,1.8,4,4.2,1.8,4.2,4.75,1.74,4.04,4.44,1.61,2.3,1.64,2.39,1.69,2.47,1.61,2.33,-0.75,1.96,1.97,1.96,1.96,2.02,1.98,1.94,1.93
D1,19/09/2020,14:30,FC Koln,Hoffenheim,2,3,A,1,2,A,13,13,6,7,12,13,1,6,0,0,0,0,2.6,3.5,2.6,2.55,3.6,2.65,2.6,3.55,2.6,2.62,3.67,2.63,2.55,3.6,2.55,2.6,3.6,2.63,2.7,3.88,2.69,2.6,3.6,2.59,1.57,2.37,1.62,2.41,1.67,2.48,1.59,2.36,0,1.96,1.97,1.96,1.96,2,1.99,1.94,1.93,2.5,3.75,2.62,2.65,3.4,2.65,2.6,3.55,2.6,2.65,3.5,2.78,2.5,3.6,2.62,2.5,3.75,2.63,2.7,3.85,2.83,2.59,3.51,2.67,1.61,2.3,1.65,2.35,1.72,2.4,1.64,2.27,0,1.91,2.02,1.92,2.01,1.97,2.08,1.89,1.98
D1,19/09/2020,14:30,Stuttgart,Freiburg,2,3,A,0,2,A,22,7,7,6,12,16,7,2,2,2,0,0,2.25,3.5,3.1,2.3,3.4,3.1,2.3,3.4,3.1,2.33,3.51,3.14,2.2,3.4,3.2,2.25,3.5,3.2,2.33,3.7,3.35,2.26,3.48,3.16,1.8,2,1.79,2.12,1.86,2.15,1.78,2.03,-0.25,1.98,1.95,1.98,1.94,1.98,1.98,1.95,1.92,2.1,3.75,3.25,2.15,3.7,3.2,2.15,3.5,3.35,2.18,3.88,3.26,2.15,3.6,3.2,2.1,3.8,3.25,2.24,3.89,3.38,2.15,3.7,3.22,1.57,2.37,1.62,2.43,1.71,2.56,1.61,2.33,-0.25,1.92,2.01,1.91,2.02,1.94,2.04,1.88,1.99
D1,19/09/2020,14:30,Union Berlin,Augsburg,1,3,A,0,1,A,13,9,3,5,9,9,8,1,2,0,0,0,2.3,3.3,3.2,2.35,3.25,3.2,2.3,3.3,3.2,2.37,3.25,3.29,2.3,3.2,3.2,2.3,3.3,3.2,2.45,3.38,3.36,2.34,3.25,3.19,2,1.8,2.1,1.81,2.15,1.86,2.04,1.78,-0.25,2.02,1.91,2.03,1.88,2.05,1.93,2.01,1.87,2.3,3.3,3.2,2.35,3.25,3.2,2.3,3.3,3.2,2.35,3.33,3.38,2.3,3.2,3.2,2.38,3.3,3.13,2.45,3.36,3.38,2.34,3.24,3.22,2.2,1.66,2.22,1.73,2.27,1.83,2.15,1.71,-0.25,2.02,1.91,2,1.92,2.05,1.93,2,1.87
D1,19/09/2020,14:30,Werder Bremen,Hertha,1,4,A,0,2,A,17,13,7,6,13,17,7,4,2,0,0,0,2.6,3.5,2.62,2.65,3.5,2.6,2.65,3.4,2.65,2.64,3.5,2.72,2.55,3.5,2.6,2.6,3.5,2.7,2.72,3.75,2.75,2.62,3.48,2.64,1.72,2.1,1.76,2.16,1.81,2.22,1.74,2.1,0,1.94,1.99,1.93,1.99,1.99,2.01,1.93,1.95,2.45,3.5,2.8,2.55,3.4,2.75,2.65,3.4,2.65,2.65,3.39,2.86,2.5,3.4,2.75,2.5,3.6,2.7,2.7,3.6,2.91,2.55,3.4,2.77,1.8,2,1.85,2.07,1.88,2.15,1.78,2.04,0,1.87,2.06,1.88,2.04,1.93,2.09,1.86,2.01
D1,19/09/2020,17:30,Dortmund,M'gladbach,3,0,H,1,0,H,9,8,4,2,10,9,1,3,1,1,0,0,1.6,4.33,5,1.62,4.25,5,1.67,4.3,4.6,1.64,4.42,5.03,1.62,4.2,5,1.65,4.4,4.8,1.68,4.55,5.5,1.63,4.36,4.91,1.44,2.75,1.46,2.87,1.48,2.9,1.44,2.75,-0.75,1.72,2.07,1.79,2.13,1.82,2.16,1.78,2.1,1.6,4.2,5.25,1.65,4.1,5,1.65,4,5.25,1.65,4.15,5.69,1.62,4,5.25,1.62,4.33,5,1.69,4.49,5.69,1.65,4.11,5.17,1.66,2.2,1.68,2.29,1.74,2.47,1.63,2.28,-1,2.02,1.77,2.12,1.83,2.19,1.87,2.1,1.78
D1,20/09/2020,14:30,RB Leipzig,Mainz,3,1,H,2,0,H,23,8,10,1,5,11,7,5,1,2,0,0,1.33,5.75,8,1.36,5.75,7,1.4,5.5,6.75,1.37,5.49,7.98,1.35,5.25,7.5,1.33,5.5,7,1.4,5.9,8.4,1.37,5.48,7.5,1.36,3.2,1.39,3.18,1.41,3.24,1.37,3.05,-1.5,2.01,1.92,2,1.92,2.03,1.96,1.97,1.9,1.36,5.25,7.5,1.4,5.25,6.75,1.4,5.5,6.75,1.41,5.48,7.53,1.36,5.25,7.5,1.4,5.25,7,1.42,5.75,8.25,1.38,5.35,7.27,1.4,3,1.42,3.05,1.43,3.23,1.39,2.97,-1.5,2.07,1.86,2.09,1.85,2.11,1.95,2.03,1.85
D1,20/09/2020,17:00,Wolfsburg,Leverkusen,0,0,D,0,0,D,9,6,1,2,13,12,4,4,1,2,0,0,2.87,3.5,2.37,2.95,3.4,2.4,2.7,3.6,2.5,2.96,3.42,2.48,2.88,3.4,2.4,2.7,3.6,2.38,3.05,3.62,2.52,2.89,3.44,2.43,1.72,2.1,1.78,2.13,1.83,2.2,1.74,2.09,0.25,1.79,2.11,1.79,2.14,1.81,2.14,1.78,2.1,3.1,3.6,2.2,3.1,3.5,2.25,2.95,3.6,2.3,3.12,3.66,2.34,3.1,3.4,2.25,2.9,3.6,2.38,3.34,3.76,2.44,3.05,3.58,2.29,1.61,2.3,1.63,2.4,1.73,2.47,1.62,2.3,0.25,1.85,2.05,1.9,2.02,1.95,2.08,1.88,1.99
D1,25/09/2020,19:30,Hertha,Ein Frankfurt,1,3,A,0,2,A,12,10,6,3,13,16,4,3,3,4,0,0,2.25,3.75,2.9,2.25,3.7,2.95,2.35,3.7,2.8,2.33,3.83,3.01,2.2,3.7,3,2.25,3.8,2.88,2.4,3.97,3.15,2.28,3.75,2.96,1.53,2.5,1.54,2.62,1.62,2.63,1.53,2.49,-0.25,2.04,1.89,2.03,1.89,2.05,1.95,1.99,1.88,2.25,3.75,2.9,2.3,3.75,2.85,2.35,3.75,2.85,2.37,3.84,2.95,2.3,3.7,2.8,2.3,3.75,2.8,2.4,4,3.04,2.31,3.75,2.88,1.53,2.5,1.54,2.63,1.57,2.69,1.52,2.51,-0.25,2.05,1.88,2.07,1.87,2.07,1.9,2.02,1.85
D1,26/09/2020,14:30,Augsburg,Dortmund,2,0,H,1,0,H,6,16,4,7,7,8,3,11,3,4,0,0,7,4.75,1.44,6.75,4.75,1.44,6.75,4.7,1.43,7.52,4.95,1.45,7,4.6,1.42,7,5,1.4,7.6,5.15,1.46,6.99,4.82,1.43,1.53,2.5,1.54,2.63,1.55,2.63,1.52,2.52,1.25,1.98,1.95,2,1.93,2,1.97,1.95,1.92,6.5,4.5,1.44,6.75,4.75,1.44,7,4.7,1.45,6.54,4.52,1.53,7,4.33,1.47,6.5,4.75,1.45,7.2,4.99,1.53,6.62,4.56,1.47,1.66,2.2,1.71,2.25,1.73,2.62,1.65,2.23,1.25,1.75,2.05,1.79,2.15,1.91,2.17,1.82,2.05
D1,26/09/2020,14:30,Bielefeld,FC Koln,1,0,H,0,0,D,7,12,3,2,12,15,4,7,3,3,0,0,2.62,3.5,2.6,2.75,3.5,2.5,2.7,3.3,2.55,2.79,3.62,2.59,2.7,3.4,2.5,2.7,3.6,2.45,2.85,3.65,2.61,2.71,3.52,2.53,1.66,2.2,1.69,2.28,1.72,2.35,1.65,2.23,0,2.04,1.89,2.04,1.89,2.11,1.9,2,1.86,2.37,3.5,2.9,2.45,3.5,2.8,2.5,3.25,2.8,2.48,3.54,2.98,2.45,3.4,2.8,2.45,3.5,2.8,2.65,3.6,2.98,2.46,3.46,2.83,1.72,2.1,1.74,2.21,1.75,2.26,1.7,2.16,0,1.72,2.07,1.79,2.15,1.93,2.17,1.8,2.07
D1,26/09/2020,14:30,Leverkusen,RB Leipzig,1,1,D,1,1,D,11,7,4,2,16,10,4,1,1,3,0,0,3,3.5,2.3,3,3.5,2.3,3.05,3.45,2.25,3.18,3.79,2.25,3,3.5,2.25,2.9,3.75,2.25,3.18,3.81,2.38,3.03,3.65,2.25,1.57,2.37,1.57,2.54,1.6,2.55,1.56,2.42,0.25,1.94,1.99,1.96,1.96,1.96,2,1.9,1.96,3.25,3.6,2.1,3.1,3.6,2.2,3.1,3.5,2.2,3.22,3.8,2.23,3.2,3.6,2.15,3,3.8,2.2,3.35,3.95,2.26,3.13,3.7,2.18,1.53,2.5,1.53,2.67,1.56,2.82,1.51,2.54,0.25,1.99,1.94,1.98,1.94,2.01,1.97,1.95,1.92
D1,26/09/2020,14:30,Mainz,Stuttgart,1,4,A,1,1,D,11,15,3,7,10,17,3,9,2,4,1,1,2.37,3.5,2.9,2.35,3.5,2.95,2.45,3.35,2.8,2.51,3.63,2.87,2.4,3.5,2.8,2.38,3.6,2.8,2.57,3.7,2.95,2.42,3.53,2.84,1.61,2.3,1.63,2.4,1.67,2.41,1.61,2.31,-0.25,2.08,1.85,2.16,1.78,2.17,1.85,2.1,1.79,2.45,3.6,2.7,2.5,3.5,2.75,2.5,3.35,2.75,2.54,3.71,2.78,2.4,3.6,2.7,2.38,3.9,2.63,2.55,3.9,2.95,2.46,3.61,2.74,1.5,2.62,1.52,2.67,1.62,2.69,1.52,2.5,0,1.85,2.08,1.88,2.05,1.88,2.16,1.83,2.05
D1,26/09/2020,14:30,M'gladbach,Union Berlin,1,1,D,0,0,D,14,15,5,2,11,15,7,5,1,2,0,0,1.44,4.5,7.5,1.45,4.5,7.25,1.45,4.4,7,1.44,4.8,7.96,1.42,4.4,7.5,1.44,4.6,7,1.46,4.85,8,1.44,4.61,7.3,1.72,2.1,1.7,2.26,1.75,2.28,1.69,2.17,-1.25,2.02,1.91,2,1.93,2.04,1.93,1.98,1.88,1.44,4.33,7.5,1.45,4.5,7.25,1.5,4.6,6.5,1.48,4.88,6.83,1.44,4.4,7,1.45,4.75,6.5,1.51,4.9,7.69,1.46,4.61,6.91,1.66,2.2,1.66,2.35,1.7,2.37,1.64,2.24,-1.25,2.03,1.9,2.05,1.88,2.13,1.93,2.01,1.86
D1,26/09/2020,17:30,Schalke 04,Werder Bremen,1,3,A,0,2,A,17,17,4,8,20,14,8,3,7,2,1,0,2.5,3.4,2.8,2.55,3.4,2.75,2.55,3.2,2.75,2.62,3.49,2.82,2.55,3.3,2.75,2.5,3.5,2.7,2.65,3.6,2.82,2.55,3.44,2.74,1.72,2.1,1.85,2.06,1.85,2.17,1.76,2.06,0,1.88,2.05,1.89,2.04,1.9,2.07,1.86,2,2.6,3.4,2.62,2.7,3.4,2.6,2.65,3.3,2.7,2.7,3.3,2.87,2.6,3.25,2.7,2.55,3.4,2.7,2.75,3.49,2.87,2.65,3.3,2.72,1.9,1.9,1.93,1.98,1.94,2.05,1.84,1.96,0,1.91,2.02,1.9,2.02,1.95,2.03,1.9,1.97
D1,27/09/2020,14:30,Hoffenheim,Bayern Munich,4,1,H,2,1,H,17,14,8,2,15,11,3,5,3,2,0,0,11,7.5,1.2,10,6.75,1.25,12,7.5,1.2,10.77,6.89,1.24,12,6.5,1.22,9.5,7,1.22,13,7.6,1.27,10.51,6.93,1.23,1.25,4,1.26,3.99,1.26,4.2,1.25,3.84,2,1.9,2.03,1.9,2,2.05,2.04,1.9,1.96,12,8,1.18,9.5,7.75,1.22,9,7.25,1.25,11.45,7.91,1.22,12,7,1.2,9.5,7.5,1.22,12.6,8.43,1.26,10.37,7.45,1.23,1.22,4.33,1.21,4.73,1.22,5,1.18,4.6,2,1.99,1.94,2,1.91,2.03,1.99,1.95,1.92
D1,27/09/2020,17:00,Freiburg,Wolfsburg,1,1,D,1,1,D,21,8,7,2,10,13,9,1,0,3,0,0,3.2,3.3,2.3,3,3.4,2.35,3.05,3.25,2.35,3.09,3.55,2.34,3,3.4,2.3,3,3.5,2.2,3.2,3.6,2.4,3.06,3.45,2.3,1.9,1.9,1.84,2.06,1.92,2.07,1.83,1.98,0.25,1.91,2.02,1.88,2.03,1.94,2.03,1.87,1.99,2.87,3.5,2.37,2.9,3.25,2.5,2.85,3.3,2.5,2.95,3.44,2.55,2.8,3.4,2.45,2.75,3.5,2.45,3.05,3.65,2.61,2.85,3.37,2.49,1.72,2.1,1.75,2.19,1.77,2.26,1.7,2.14,0,2.1,1.83,2.12,1.83,2.14,1.85,2.07,1.81
D1,02/10/2020,19:30,Union Berlin,Mainz,4,0,H,1,0,H,13,5,7,0,13,11,4,2,1,4,0,0,2.05,3.6,3.4,2.15,3.5,3.3,2.2,3.5,3.25,2.18,3.73,3.4,2.1,3.4,3.4,2.1,3.6,3.3,2.25,3.73,3.49,2.14,3.56,3.37,1.8,2,1.83,2.07,1.87,2.08,1.81,2.01,-0.25,1.87,2.06,1.89,2.04,1.93,2.09,1.85,2.02,2,3.5,3.5,2.15,3.5,3.3,2.15,3.5,3.4,2.13,3.65,3.57,2.1,3.5,3.4,2.05,3.6,3.4,2.15,3.75,3.64,2.09,3.58,3.45,1.72,2.1,1.78,2.14,1.82,2.17,1.77,2.04,-0.25,1.82,2.11,1.85,2.09,1.86,2.14,1.81,2.06
D1,03/10/2020,14:30,Dortmund,Freiburg,4,0,H,1,0,H,16,6,7,2,8,12,3,2,1,1,0,0,1.28,6,9,1.3,5.75,9.5,1.33,6,8.75,1.31,5.71,9.75,1.27,5.8,10,1.29,5.75,9.5,1.33,6.65,10.5,1.3,5.85,9.31,1.44,2.75,1.46,2.81,1.48,2.88,1.45,2.71,-1.5,1.88,2.05,1.86,2.04,1.88,2.12,1.83,2.03,1.36,5,7,1.36,5.25,8,1.37,5,8.5,1.37,5.51,8.3,1.35,5,8.5,1.4,5.25,7,1.43,5.51,9.2,1.38,5.22,7.58,1.44,2.75,1.48,2.78,1.53,2.82,1.48,2.61,-1.25,1.87,2.06,1.87,2.05,1.92,2.12,1.83,2.04
D1,03/10/2020,14:30,Ein Frankfurt,Hoffenheim,2,1,H,0,1,A,16,11,6,4,12,8,5,7,2,3,0,0,2.37,3.7,2.8,2.4,3.6,2.85,2.4,3.4,2.8,2.42,3.61,2.91,2.35,3.6,2.8,2.38,3.7,2.75,2.45,3.85,2.93,2.38,3.62,2.84,1.44,2.75,1.46,2.87,1.48,2.87,1.45,2.73,-0.25,2.09,1.84,2.11,1.81,2.12,1.87,2.07,1.8,2.7,4,2.3,2.8,3.75,2.35,2.6,3.75,2.5,2.8,3.91,2.44,2.7,3.75,2.35,2.7,4,2.3,2.81,4.09,2.5,2.72,3.84,2.38,1.3,3.5,1.35,3.38,1.36,3.66,1.32,3.33,0.25,1.77,2.02,1.8,2.13,1.85,2.14,1.79,2.09
D1,03/10/2020,14:30,FC Koln,M'gladbach,1,3,A,0,2,A,8,17,3,11,16,12,4,10,3,3,0,0,3.8,4,1.85,4.1,3.9,1.83,3.9,3.6,1.9,3.96,3.91,1.91,3.9,3.7,1.88,3.75,3.9,1.87,4.1,4,1.94,3.89,3.86,1.88,1.66,2.2,1.66,2.33,1.7,2.34,1.64,2.26,0.5,2.01,1.92,2.01,1.91,2.03,1.95,1.97,1.88,4,4,1.8,3.9,3.9,1.87,4,3.85,1.9,4.11,4.17,1.85,3.9,3.9,1.83,3.9,4,1.83,4.17,4.17,1.9,3.97,3.94,1.84,1.66,2.2,1.68,2.31,1.7,2.33,1.65,2.23,0.5,2.08,1.85,2.09,1.85,2.11,1.95,2.02,1.85
D1,03/10/2020,14:30,Stuttgart,Leverkusen,1,1,D,0,1,A,11,15,2,7,8,17,7,12,3,2,0,0,3.8,3.8,1.85,3.8,3.8,1.9,3.6,3.7,1.95,3.74,3.95,1.96,3.7,3.9,1.88,3.7,4,1.87,3.95,4.18,1.96,3.7,3.93,1.91,1.5,2.62,1.52,2.67,1.53,2.72,1.5,2.58,0.5,1.99,1.94,1.96,1.96,2.03,1.99,1.95,1.91,3,4,2.15,3,3.75,2.2,3.1,3.6,2.25,3.25,3.66,2.27,3,3.7,2.2,3,3.8,2.2,3.25,4.07,2.3,3.07,3.71,2.21,1.57,2.37,1.62,2.43,1.62,2.55,1.57,2.4,0.25,1.96,1.97,1.96,1.96,2.05,2,1.93,1.94
D1,03/10/2020,14:30,Werder Bremen,Bielefeld,1,0,H,1,0,H,7,10,2,5,12,16,2,1,2,2,0,0,2.15,3.5,3.3,2.15,3.6,3.3,2.2,3.35,3.3,2.15,3.67,3.37,2.15,3.5,3.25,2.1,3.75,3.2,2.25,3.75,3.46,2.14,3.56,3.3,1.72,2.1,1.81,2.1,1.83,2.14,1.77,2.05,-0.25,1.9,2.03,1.88,2.04,1.94,2.05,1.87,1.99,2.1,3.5,3.4,2.15,3.6,3.3,2.15,3.5,3.35,2.22,3.5,3.5,2.15,3.4,3.3,2.1,3.6,3.3,2.22,3.65,3.5,2.14,3.5,3.36,1.8,2,1.85,2.07,1.87,2.15,1.78,2.03,-0.25,1.9,2.03,1.91,2.02,1.92,2.07,1.87,2
D1,03/10/2020,17:30,RB Leipzig,Schalke 04,4,0,H,3,0,H,21,4,7,1,13,10,8,1,1,3,0,0,1.25,6.5,10,1.26,6.25,10.5,1.27,6,10,1.26,6.13,11.29,1.24,5.8,12,1.25,6,11.5,1.29,6.65,13,1.26,6.14,10.84,1.4,3,1.43,2.95,1.45,3.05,1.42,2.84,-1.75,1.93,2,1.92,1.98,1.96,2.02,1.9,1.95,1.28,5.75,9,1.3,5.75,9,1.33,5.25,8.5,1.29,6.24,10.59,1.3,5.25,10,1.29,6,9,1.34,6.5,11.75,1.29,5.88,9.57,1.44,2.75,1.42,2.98,1.49,3.12,1.44,2.75,-1.75,2.04,1.89,2.04,1.87,2.11,1.9,2.03,1.83
D1,04/10/2020,14:30,Wolfsburg,Augsburg,0,0,D,0,0,D,17,9,6,1,7,13,12,2,0,1,0,0,2,3.6,3.7,2,3.5,3.75,2.05,3.4,3.65,2.05,3.64,3.7,2,3.5,3.7,1.95,3.6,3.6,2.1,3.7,3.9,2.02,3.56,3.66,1.8,2,1.83,2.07,1.86,2.1,1.8,2.01,-0.5,2.03,1.9,2.05,1.87,2.1,1.92,2.01,1.85,1.85,3.75,4.2,1.91,3.75,3.8,2.1,3.5,3.45,1.96,3.79,4.01,1.91,3.5,4,1.95,3.75,3.7,2.1,3.8,4.26,1.94,3.65,3.89,1.8,2,1.81,2.1,1.85,2.15,1.78,2.03,-0.5,1.97,1.96,1.96,1.96,2.05,1.99,1.96,1.91
D1,04/10/2020,17:00,Bayern Munich,Hertha,4,3,H,1,0,H,22,9,9,5,13,19,6,1,3,3,0,0,1.16,8,15,1.15,8.5,16,1.2,8,11,1.16,8.29,17.01,1.15,8,15,1.14,8,15,1.2,9.25,18.97,1.16,8.27,15.23,1.25,4,1.26,4.05,1.26,4.05,1.25,3.84,-2.25,1.96,1.97,1.94,1.96,1.97,2.02,1.91,1.94,1.16,8,13,1.16,8.5,14.5,1.17,8,14,1.18,8.41,15.55,1.18,7.5,13,1.17,8.5,13,1.21,9.05,16.75,1.17,8.11,13.89,1.22,4.33,1.21,4.73,1.24,4.73,1.21,4.2,-2.25,1.99,1.94,1.98,1.92,2.04,2.04,1.94,1.92
D1,17/10/2020,14:30,Augsburg,RB Leipzig,0,2,A,0,1,A,6,15,2,6,9,13,5,8,0,1,0,0,5.75,4.5,1.53,5.5,4.6,1.53,5.75,4.3,1.53,6.16,4.61,1.55,5.8,4.4,1.52,5.5,4.5,1.53,6.16,4.84,1.57,5.76,4.52,1.53,1.53,2.5,1.54,2.62,1.56,2.63,1.52,2.51,1,2.03,1.9,2.07,1.87,2.08,1.91,2.01,1.86,6,4.5,1.5,5.5,4.6,1.53,5.25,4.4,1.6,6.07,4.83,1.53,6,4.33,1.5,6,4.5,1.5,6.5,4.83,1.6,5.87,4.53,1.52,1.61,2.3,1.64,2.38,1.67,2.47,1.6,2.33,1,2.09,1.84,2.1,1.84,2.12,1.9,2.03,1.84
D1,17/10/2020,14:30,Freiburg,Werder Bremen,1,1,D,1,1,D,19,14,4,4,10,14,4,4,3,3,0,0,2.25,3.5,3.1,2.25,3.5,3.1,2.25,3.3,3.1,2.29,3.63,3.23,2.25,3.4,3.1,2.2,3.6,3.1,2.31,3.63,3.24,2.26,3.51,3.12,1.8,2,1.8,2.11,1.89,2.12,1.79,2.02,-0.25,1.97,1.96,1.98,1.94,1.99,1.99,1.95,1.91,2,3.5,3.5,2.1,3.6,3.4,2.25,3.5,3.1,2.19,3.69,3.39,2.1,3.5,3.4,2.1,3.75,3.25,2.28,3.75,3.64,2.13,3.59,3.34,1.72,2.1,1.75,2.18,1.82,2.21,1.72,2.12,-0.25,1.88,2.05,1.9,2.03,1.9,2.07,1.85,2.02
D1,17/10/2020,14:30,Hertha,Stuttgart,0,2,A,0,1,A,16,7,4,2,14,10,6,4,2,2,0,0,2.05,3.8,3.3,2.05,3.8,3.3,2.1,3.6,3.3,2.1,3.88,3.46,2.05,3.8,3.3,2.05,3.8,3.3,2.15,4.12,3.46,2.06,3.81,3.33,1.53,2.5,1.53,2.64,1.56,2.64,1.52,2.51,-0.25,1.84,2.09,1.83,2.1,1.85,2.13,1.81,2.07,1.95,3.8,3.4,2,3.9,3.4,2.05,3.65,3.4,2.02,4.04,3.55,2,3.75,3.4,2,3.75,3.5,2.1,4.05,3.6,2,3.88,3.43,1.53,2.5,1.52,2.65,1.55,2.7,1.5,2.55,-0.5,2.01,1.92,2.02,1.9,2.04,1.94,2,1.87
D1,17/10/2020,14:30,Hoffenheim,Dortmund,0,1,A,0,0,D,8,15,3,5,13,11,4,6,1,1,0,0,4,4.33,1.75,4,4.33,1.75,4,4.1,1.77,4.17,4.52,1.78,4.2,4.2,1.73,3.9,4.4,1.75,4.5,4.55,1.81,4.03,4.32,1.76,1.36,3.2,1.39,3.16,1.41,3.2,1.38,2.99,0.75,1.94,1.99,1.95,1.97,1.97,2.03,1.91,1.95,4,4.2,1.72,3.8,4.2,1.83,3.7,4.2,1.85,4.55,4.4,1.73,4.2,4.2,1.73,4.1,4.2,1.75,4.55,4.55,1.85,4.09,4.2,1.77,1.5,2.62,1.47,2.82,1.51,2.82,1.47,2.65,0.75,1.96,1.97,2,1.93,2,2.09,1.89,1.98
D1,17/10/2020,14:30,Mainz,Leverkusen,0,1,A,0,1,A,5,9,0,4,12,6,6,2,3,1,0,0,5.5,4.33,1.57,5.25,4.4,1.57,5,4.1,1.63,5.49,4.35,1.63,5.25,4.33,1.57,5,4.4,1.6,5.64,4.68,1.65,5.13,4.35,1.61,1.44,2.75,1.5,2.72,1.5,2.83,1.46,2.68,1,1.91,2.02,1.93,2,1.94,2.05,1.88,1.98,5.5,4.5,1.53,5.25,4.4,1.57,5.25,4.4,1.57,5.67,4.58,1.58,5.5,4.33,1.55,5.25,4.5,1.55,5.67,4.65,1.62,5.37,4.43,1.57,1.53,2.5,1.57,2.54,1.61,2.6,1.54,2.44,1,1.96,1.97,1.98,1.94,1.98,1.99,1.93,1.93
D1,17/10/2020,17:30,Bielefeld,Bayern Munich,1,4,A,0,3,A,11,16,5,10,6,6,6,10,1,0,0,1,13,8.5,1.16,14,7.25,1.19,13,7.5,1.2,15.18,7.9,1.19,13,7.5,1.18,13,8,1.17,15.5,8.6,1.22,13.73,7.73,1.19,1.28,3.75,1.29,3.77,1.31,3.85,1.28,3.61,2,2.05,1.75,2.15,1.77,2.19,1.9,2.08,1.79,13,8.5,1.16,16,8.5,1.15,11,7,1.22,17.24,9.97,1.15,17,9,1.12,17,9,1.13,21,11.25,1.22,15.97,8.9,1.15,1.25,4,1.25,4.18,1.26,4.3,1.24,3.9,2.5,1.89,2.04,1.89,2.02,2.01,2.1,1.85,2.01
D1,17/10/2020,19:30,M'gladbach,Wolfsburg,1,1,D,0,0,D,13,14,2,5,14,13,5,4,2,2,0,0,1.85,3.8,4,1.85,3.75,4.1,1.9,3.6,4,1.89,3.91,4.19,1.85,3.7,4,1.87,3.9,3.8,1.92,4.05,4.2,1.86,3.85,4.01,1.66,2.2,1.69,2.29,1.74,2.34,1.67,2.2,-0.5,1.89,2.04,1.89,2.04,1.92,2.07,1.87,2,1.72,4,4.33,1.75,4,4.4,1.75,3.8,4.2,1.81,4.04,4.47,1.73,3.9,4.4,1.75,4,4.33,1.87,4.25,4.73,1.77,3.97,4.32,1.61,2.3,1.66,2.34,1.72,2.47,1.63,2.27,-0.75,2.02,1.91,2.03,1.89,2.05,2,1.99,1.88
D1,18/10/2020,14:30,FC Koln,Ein Frankfurt,1,1,D,0,1,A,9,16,5,4,19,18,2,8,3,2,0,0,3.2,3.8,2.1,3.3,3.7,2.1,3.15,3.6,2.15,3.28,3.95,2.15,3.1,3.7,2.15,3,3.8,2.1,3.3,4,2.2,3.16,3.78,2.13,1.44,2.75,1.5,2.73,1.53,2.76,1.48,2.61,0.25,2.01,1.92,2.04,1.88,2.04,1.93,1.98,1.87,2.8,3.8,2.25,3.1,3.75,2.15,2.85,3.45,2.35,2.86,3.74,2.47,2.88,3.6,2.3,2.8,3.75,2.3,3.27,3.93,2.47,2.89,3.7,2.32,1.53,2.5,1.55,2.59,1.56,2.69,1.52,2.49,0.25,1.81,2.13,1.8,2.14,1.94,2.16,1.83,2.05
D1,18/10/2020,17:00,Schalke 04,Union Berlin,1,1,D,0,0,D,8,13,4,7,7,13,5,7,3,1,0,0,2.75,3.25,2.6,2.7,3.25,2.7,2.85,3,2.6,2.95,3.29,2.64,2.8,3.2,2.55,2.7,3.3,2.5,2.96,3.46,2.72,2.82,3.23,2.59,2.1,1.72,2.13,1.79,2.16,1.83,2.08,1.75,0,2.04,1.89,2.08,1.85,2.08,1.96,2.01,1.85,3.1,3.25,2.3,3,3.3,2.4,3,3.3,2.45,3.24,3.37,2.39,3.1,3.3,2.3,3,3.4,2.38,3.25,3.58,2.45,3.11,3.31,2.36,1.91,1.99,1.92,1.98,2.01,2.05,1.91,1.9,0.25,1.87,2.06,1.88,2.05,1.89,2.09,1.85,2.03
D1,23/10/2020,19:30,Stuttgart,FC Koln,1,1,D,1,1,D,9,14,4,4,11,13,3,5,2,5,0,0,1.85,3.8,3.8,1.95,3.7,3.7,1.95,3.7,3.75,1.93,4.04,3.87,1.91,3.75,3.7,1.93,3.9,3.5,1.97,4.05,3.9,1.92,3.91,3.75,1.57,2.37,1.58,2.53,1.62,2.53,1.57,2.41,-0.5,1.92,1.98,1.93,1.99,1.96,2.01,1.92,1.94,1.9,4,3.6,1.85,4.1,3.75,1.95,3.9,3.6,1.99,4.09,3.62,1.91,3.8,3.6,1.93,4,3.4,2.69,4.1,3.75,1.95,3.96,3.57,1.53,2.5,1.56,2.57,1.94,2.69,1.54,2.47,-0.5,1.97,1.93,1.99,1.93,2.01,1.96,1.94,1.92
D1,24/10/2020,14:30,Bayern Munich,Ein Frankfurt,5,0,H,2,0,H,20,9,10,2,11,12,10,2,3,0,0,0,1.16,7.5,9,1.22,7,11,1.25,7,10,1.23,7.32,11.69,1.2,7,13,1.2,7.5,10.5,1.25,8,14.5,1.22,7.26,11.2,1.22,4.33,1.22,4.48,1.23,4.5,1.21,4.17,-2,1.9,2,1.91,1.98,1.97,2.04,1.89,1.97,1.14,9,15,1.18,8.25,13,1.2,8,11,1.19,8.61,13.15,1.17,7.5,15,1.17,8.5,12,1.22,9.51,16.9,1.18,8.35,13.27,1.14,5.5,1.16,5.69,1.18,6,1.15,5.19,-2.25,1.87,2.03,1.88,2.03,1.89,2.08,1.85,2.01
D1,24/10/2020,14:30,Mainz,M'gladbach,2,3,A,2,1,H,15,21,7,12,18,11,3,7,5,3,0,0,4.75,4.33,1.61,4.75,4.1,1.67,4.7,3.9,1.7,4.96,4.24,1.7,5,3.9,1.65,4.6,4.2,1.65,5.25,4.4,1.71,4.82,4.15,1.67,1.57,2.37,1.6,2.47,1.63,2.5,1.57,2.4,0.75,2.03,1.87,2.05,1.88,2.08,1.9,2.01,1.84,3.8,4,1.83,3.75,3.7,1.95,3.75,3.5,1.95,3.75,3.75,2.04,3.8,3.75,1.88,3.6,3.8,1.93,4.15,4.11,2.04,3.74,3.75,1.94,1.66,2.2,1.69,2.28,1.7,2.42,1.64,2.24,0.5,1.9,2,1.88,2.04,1.95,2.04,1.89,1.97
D1,24/10/2020,14:30,RB Leipzig,Hertha,2,1,H,1,1,D,29,11,8,3,10,20,7,3,1,4,0,1,1.4,4.5,7,1.45,4.6,7,1.5,4.8,6,1.51,4.9,6.38,1.44,4.6,6.5,1.44,5,6,1.51,5,7,1.47,4.78,6.34,1.4,3,1.45,2.92,1.53,3,1.42,2.83,-1.25,2,1.9,2.02,1.9,2.03,1.95,1.98,1.88,1.45,4.2,6,1.53,4.4,5.75,1.53,4.7,5.75,1.6,4.44,5.81,1.5,4.4,6,1.5,4.75,5.5,1.61,4.79,6.77,1.54,4.5,5.72,1.53,2.5,1.55,2.6,1.55,2.82,1.49,2.58,-1,1.93,1.97,1.98,1.94,2.01,2.04,1.88,1.97
D1,24/10/2020,14:30,Union Berlin,Freiburg,1,1,D,1,1,D,22,8,7,4,9,14,4,2,1,4,0,0,2.3,3.3,3.1,2.3,3.4,3.1,2.35,3.3,3.1,2.3,3.47,3.33,2.2,3.4,3.2,2.25,3.6,3,2.35,3.6,3.33,2.27,3.41,3.16,1.86,2.04,1.83,2.07,1.87,2.1,1.81,2.01,-0.25,2,1.9,1.98,1.94,2.03,1.97,1.96,1.9,2.05,3.4,3.6,2.2,3.3,3.4,2.3,3.3,3.3,2.19,3.46,3.62,2.2,3.3,3.3,2.15,3.5,3.25,2.32,3.58,3.71,2.17,3.37,3.45,1.9,1.9,1.9,2.01,1.94,2.05,1.87,1.93,-0.25,1.88,2.02,1.88,2.05,1.92,2.08,1.87,1.99
D1,24/10/2020,17:30,Dortmund,Schalke 04,3,0,H,0,0,D,17,3,7,0,5,15,7,2,0,1,0,0,1.16,6.5,12,1.2,7,13,1.27,6.25,10,1.22,6.84,13.92,1.2,6.5,13,1.2,7,12,1.27,7.55,16.75,1.21,6.84,13.27,1.4,3,1.42,2.97,1.44,3.05,1.41,2.84,-2,2,1.9,1.97,1.92,2.1,1.96,1.98,1.88,1.2,6,12,1.2,7,14,1.25,6.5,11,1.19,7.64,17.3,1.17,7,17,1.17,7,17,1.25,8.3,18.5,1.19,7.29,15.12,1.4,3,1.41,3.05,1.5,3.06,1.43,2.79,-2,1.89,2.01,1.85,2.06,2.05,2.06,1.89,1.97
D1,25/10/2020,14:30,Wolfsburg,Bielefeld,2,1,H,2,0,H,14,8,4,1,12,10,4,3,2,1,0,0,1.65,3.75,5.25,1.67,3.9,5.25,1.7,3.65,5,1.69,4.01,5.39,1.67,3.8,5,1.67,3.9,4.75,1.74,4.08,5.51,1.69,3.89,5.06,1.91,1.99,1.9,2.01,1.93,2.02,1.86,1.95,-0.75,1.92,1.98,1.9,2.02,1.95,2.03,1.89,1.97,1.6,4,5.75,1.67,4,5,1.65,4,5.25,1.65,4.14,5.71,1.6,3.9,5.5,1.62,4,5.25,1.68,4.2,6.24,1.63,4.02,5.42,1.8,2,1.79,2.12,1.86,2.15,1.77,2.05,-1,2.02,1.77,2.13,1.8,2.17,1.84,2.1,1.77
D1,25/10/2020,17:00,Werder Bremen,Hoffenheim,1,1,D,1,1,D,5,15,2,6,10,20,1,4,2,2,0,0,3,3.75,2.2,2.95,3.6,2.3,2.85,3.7,2.35,3.08,3.84,2.29,3,3.6,2.25,2.88,3.75,2.2,3.14,3.94,2.35,3,3.72,2.25,1.57,2.37,1.59,2.49,1.64,2.55,1.56,2.41,0.25,1.91,1.99,1.93,2,1.95,2.01,1.89,1.96,2.62,3.75,2.45,2.7,3.7,2.45,2.65,3.65,2.5,2.78,3.6,2.6,2.62,3.6,2.5,2.6,3.9,2.4,2.79,3.96,2.61,2.68,3.65,2.49,1.5,2.62,1.51,2.7,1.57,2.74,1.5,2.57,0,2.02,1.88,2.03,1.9,2.07,1.92,2.01,1.87
D1,26/10/2020,19:30,Leverkusen,Augsburg,3,1,H,1,0,H,15,7,7,3,14,8,3,3,1,2,0,0,1.6,4.2,5.25,1.6,4.25,4.75,1.65,3.9,5,1.66,4.18,5.42,1.63,4,5,1.62,4.2,4.75,1.68,4.46,5.57,1.64,4.18,5.07,1.57,2.37,1.64,2.39,1.66,2.45,1.59,2.34,-1,2.08,1.82,2.11,1.81,2.12,1.86,2.07,1.8,1.53,4.2,6,1.53,4.33,6,1.6,4.1,5.5,1.59,4.35,5.95,1.52,4.2,6,1.5,4.4,6,1.6,4.5,6.59,1.55,4.28,5.9,1.72,2.1,1.76,2.17,1.77,2.27,1.7,2.14,-1,1.96,1.97,1.97,1.95,2,2.05,1.92,1.95
D1,30/10/2020,19:30,Schalke 04,Stuttgart,1,1,D,1,0,H,9,19,2,5,11,14,3,4,2,2,0,0,3.1,3.6,2.15,3.1,3.6,2.2,2.95,3.5,2.35,3.23,3.67,2.27,3.1,3.5,2.2,3.1,3.6,2.2,3.41,3.75,2.35,3.15,3.61,2.23,1.66,2.2,1.71,2.24,1.75,2.29,1.68,2.19,0.25,1.94,1.99,1.95,1.97,1.96,2,1.92,1.94,3.1,3.6,2.2,3.1,3.6,2.2,3.05,3.5,2.3,3.17,3.63,2.32,3.1,3.4,2.25,3,3.7,2.2,3.3,3.76,2.33,3.1,3.58,2.25,1.72,2.1,1.74,2.21,1.76,2.27,1.69,2.16,0.25,1.92,2.01,1.92,2.01,1.95,2.02,1.9,1.97
D1,31/10/2020,14:30,Augsburg,Mainz,3,1,H,1,0,H,14,8,7,4,12,10,4,1,5,1,0,0,2,3.75,3.5,2,3.6,3.7,2.05,3.45,3.5,2.09,3.71,3.64,2,3.5,3.6,2,3.8,3.4,2.11,3.87,3.8,2.03,3.62,3.61,1.72,2.1,1.72,2.23,1.75,2.27,1.69,2.17,-0.5,2.04,1.89,2.09,1.85,2.1,1.91,2.03,1.85,2.3,3.5,3,2.3,3.4,3.1,2.4,3.2,3,2.43,3.45,3.12,2.3,3.4,3,2.3,3.6,2.88,2.45,3.6,3.25,2.35,3.41,3.03,1.9,1.9,1.9,2.01,1.9,2.15,1.83,1.98,-0.25,2.07,1.86,2.09,1.85,2.09,1.91,2.04,1.84
D1,31/10/2020,14:30,Bielefeld,Dortmund,0,2,A,0,0,D,5,21,2,10,12,13,0,12,1,1,0,0,7.5,5,1.4,7.5,5,1.4,7,5,1.43,7.79,5.12,1.42,7.5,4.75,1.4,7.5,5,1.36,8.1,5.25,1.46,7.49,4.96,1.4,1.57,2.37,1.62,2.43,1.66,2.45,1.59,2.36,1.25,2.01,1.92,2.02,1.9,2.05,1.97,1.98,1.89,8.5,5,1.33,9,5.25,1.33,8,5.25,1.37,9.08,5.5,1.36,9,5,1.33,8.5,5.25,1.33,9.6,5.75,1.39,8.67,5.25,1.35,1.66,2.2,1.68,2.3,1.7,2.37,1.64,2.26,1.5,1.86,2.07,1.86,2.07,1.88,2.13,1.84,2.03
D1,31/10/2020,14:30,Ein Frankfurt,Werder Bremen,1,1,D,0,0,D,14,9,5,4,12,14,5,3,1,3,0,0,1.72,4,4.5,1.75,4,4.33,1.75,3.9,4.3,1.76,4.3,4.47,1.73,4,4.33,1.73,4.2,4.1,1.82,4.34,4.55,1.75,4.11,4.32,1.53,2.5,1.56,2.59,1.56,2.63,1.53,2.5,-0.75,1.98,1.95,1.97,1.95,2,1.99,1.95,1.92,1.75,4,4.2,1.75,4,4.33,1.83,3.7,4.1,1.78,4.07,4.6,1.78,3.8,4.2,1.75,4,4.1,1.85,4.15,4.6,1.78,3.96,4.23,1.61,2.3,1.62,2.43,1.64,2.47,1.59,2.34,-0.75,2.04,1.89,2,1.93,2.06,1.93,2,1.87
D1,31/10/2020,14:30,FC Koln,Bayern Munich,1,2,A,0,2,A,9,7,2,5,12,13,5,1,1,2,0,0,12,8,1.18,14.5,8,1.17,11,8,1.2,13.36,7.81,1.18,13,8,1.17,15,8.5,1.14,17,9.2,1.21,13.96,8.08,1.18,1.22,4.33,1.23,4.16,1.25,4.33,1.23,4.03,2.25,2,1.93,1.96,1.88,2.02,1.94,1.97,1.89,9.5,6.5,1.25,9.5,6.5,1.26,8.5,7,1.3,9.12,6.64,1.28,9.5,6.5,1.25,9.5,6.5,1.25,11.5,7.6,1.31,9.74,6.59,1.26,1.36,3.2,1.33,3.43,1.36,3.62,1.32,3.29,1.75,1.98,1.95,1.99,1.89,2.08,1.98,1.99,1.88
D1,31/10/2020,17:30,M'gladbach,RB Leipzig,1,0,H,0,0,D,5,15,4,3,13,17,2,4,2,4,0,0,3,3.6,2.25,2.9,3.7,2.3,2.95,3.4,2.3,3.02,3.73,2.36,3,3.5,2.3,2.8,3.75,2.3,3.13,3.8,2.41,2.96,3.63,2.31,1.57,2.37,1.61,2.44,1.66,2.55,1.57,2.4,0.25,1.89,2.04,1.88,2.05,1.91,2.05,1.85,2.01,2.7,3.75,2.4,2.8,3.6,2.4,2.7,3.4,2.5,2.84,3.58,2.56,2.75,3.6,2.4,2.7,3.7,2.38,2.85,3.86,2.57,2.75,3.6,2.47,1.53,2.5,1.58,2.51,1.61,2.56,1.55,2.43,0,2.06,1.87,2.07,1.86,2.09,1.91,2.03,1.85
D1,01/11/2020,14:30,Freiburg,Leverkusen,2,4,A,1,2,A,8,18,5,7,10,11,4,6,2,2,0,0,3.8,3.5,1.95,3.8,3.5,1.91,3.6,3.4,2.05,3.85,3.64,2.05,3.7,3.4,2,3.4,3.6,2,3.97,3.7,2.07,3.71,3.57,2,1.72,2.1,1.76,2.17,1.82,2.21,1.74,2.09,0.5,1.88,2.05,1.88,2.05,1.89,2.08,1.85,2.02,3.5,3.6,2,3.7,3.6,2,3.4,3.55,2.1,3.67,3.59,2.12,3.5,3.5,2.05,3.4,3.7,2,3.7,3.75,2.73,3.51,3.57,2.08,1.72,2.1,1.8,2.11,1.93,2.26,1.74,2.09,0.25,2.02,1.77,2.11,1.83,2.14,1.85,2.07,1.8
D1,01/11/2020,17:00,Hertha,Wolfsburg,1,1,D,1,1,D,18,11,5,4,8,15,8,6,3,1,0,0,2.62,3.5,2.55,2.7,3.5,2.55,2.6,3.25,2.65,2.66,3.54,2.75,2.6,3.4,2.62,2.55,3.6,2.5,2.8,3.62,2.75,2.64,3.47,2.62,1.72,2.1,1.78,2.14,1.82,2.14,1.76,2.06,0,1.97,1.96,1.93,1.99,2.01,1.99,1.94,1.93,2.4,3.4,2.9,2.45,3.4,2.9,2.5,3.35,2.8,2.51,3.43,3.02,2.4,3.3,2.9,2.4,3.5,2.8,2.6,3.5,3.05,2.45,3.38,2.9,1.72,2.1,1.79,2.13,1.9,2.14,1.76,2.06,-0.25,2.13,1.81,2.15,1.8,2.19,1.83,2.11,1.78
D1,02/11/2020,19:30,Hoffenheim,Union Berlin,1,3,A,0,0,D,10,9,5,6,19,13,3,6,1,2,1,0,1.85,4,3.8,1.85,3.9,4,1.9,3.65,3.95,1.89,3.91,4.18,1.83,3.8,4,1.83,3.9,3.8,1.91,4.15,4.33,1.86,3.87,4.03,1.61,2.3,1.64,2.38,1.69,2.43,1.61,2.31,-0.5,1.88,2.05,1.89,2.04,1.9,2.07,1.86,2,1.9,3.8,3.75,1.91,3.8,3.8,1.85,3.8,4.1,1.96,3.93,3.86,1.88,3.7,3.9,1.87,3.9,3.7,2.04,3.95,4.12,1.94,3.76,3.78,1.72,2.1,1.73,2.22,1.77,2.28,1.68,2.18,-0.5,1.97,1.96,1.96,1.96,2,1.98,1.96,1.92
D1,06/11/2020,19:30,Werder Bremen,FC Koln,1,1,D,0,0,D,18,8,4,1,20,20,1,3,2,2,0,0,2.37,3.6,2.87,2.4,3.6,2.8,2.5,3.5,2.8,2.48,3.59,2.93,2.4,3.4,2.88,2.38,3.6,2.8,2.51,3.6,2.97,2.44,3.5,2.87,1.8,2,1.79,2.12,1.85,2.13,1.78,2.05,-0.25,2.02,1.77,2.14,1.79,2.16,1.85,2.09,1.79,2.62,3.5,2.55,2.7,3.3,2.65,2.6,3.3,2.8,2.85,3.33,2.7,2.62,3.3,2.62,2.55,3.5,2.6,2.86,3.59,2.87,2.69,3.32,2.67,1.9,1.9,2.03,1.88,2.03,2.05,1.89,1.91,0,2.01,1.89,2.02,1.91,2.03,2.07,1.95,1.91
D1,07/11/2020,14:30,Augsburg,Hertha,0,3,A,0,1,A,10,12,2,6,12,10,2,6,3,0,0,0,2.9,3.5,2.3,2.9,3.6,2.35,2.9,3.3,2.4,2.98,3.64,2.42,2.88,3.5,2.35,2.75,3.6,2.38,3.01,3.76,2.45,2.91,3.54,2.37,1.72,2.1,1.76,2.16,1.79,2.19,1.73,2.12,0.25,1.81,2.09,1.84,2.1,1.86,2.12,1.81,2.05,3,3.5,2.2,3,3.5,2.3,3,3.5,2.3,3.07,3.56,2.41,3,3.5,2.3,2.9,3.6,2.3,3.15,3.78,2.45,2.97,3.54,2.33,1.72,2.1,1.74,2.21,1.77,2.26,1.71,2.14,0.25,1.84,2.06,1.85,2.08,1.91,2.13,1.84,2.03
D1,07/11/2020,14:30,Mainz,Schalke 04,2,2,D,2,1,H,14,22,7,3,19,13,4,9,1,1,0,0,2.1,3.4,3.4,2.2,3.5,3.2,2.25,3.25,3.25,2.23,3.59,3.38,2.2,3.4,3.2,2.2,3.6,3.1,2.35,3.63,3.4,2.21,3.48,3.24,1.8,2,1.81,2.09,1.85,2.13,1.77,2.05,-0.25,1.92,1.98,1.93,1.99,2,2.01,1.91,1.95,2.3,3.5,3,2.3,3.5,3,2.35,3.45,3,2.43,3.5,3.08,2.35,3.3,3,2.25,3.6,3,2.49,3.6,3.18,2.34,3.46,3.01,1.8,2,1.83,2.06,1.86,2.15,1.8,2.01,-0.25,2.06,1.84,2.09,1.85,2.13,1.89,2.04,1.83
D1,07/11/2020,14:30,RB Leipzig,Freiburg,3,0,H,1,0,H,15,8,7,3,14,14,3,4,2,3,0,0,1.36,4.75,9,1.33,5,10.5,1.33,6,9,1.36,5.36,9.54,1.33,5,9,1.33,5.5,8,1.39,6,10.5,1.35,5.24,8.71,1.53,2.5,1.54,2.62,1.58,2.63,1.53,2.51,-1.5,2.03,1.87,2.06,1.87,2.07,1.92,2,1.86,1.4,4.5,8.5,1.36,5,8.5,1.4,5,7.5,1.41,5.17,8.11,1.36,4.75,8.5,1.36,5.25,7.5,1.44,5.38,9.23,1.39,4.98,7.71,1.5,2.62,1.49,2.75,1.53,2.82,1.48,2.61,-1.25,1.83,2.07,1.93,2,1.93,2.11,1.84,2.02
D1,07/11/2020,14:30,Stuttgart,Ein Frankfurt,2,2,D,2,0,H,16,15,5,8,14,16,10,8,2,4,0,0,2.55,3.6,2.5,2.75,3.5,2.5,2.7,3.45,2.5,2.76,3.77,2.53,2.62,3.6,2.5,2.5,3.8,2.5,2.76,3.88,2.66,2.67,3.66,2.5,1.53,2.5,1.52,2.67,1.55,2.69,1.5,2.56,0,2,1.9,2.05,1.88,2.07,1.96,1.98,1.88,2.6,3.75,2.45,2.6,3.5,2.6,2.65,3.55,2.55,2.77,3.56,2.64,2.6,3.6,2.5,2.63,3.75,2.45,2.77,3.88,2.66,2.64,3.57,2.57,1.53,2.5,1.55,2.6,1.57,2.69,1.51,2.52,0,2.03,1.87,2.01,1.92,2.05,1.96,1.98,1.89
D1,07/11/2020,14:30,Union Berlin,Bielefeld,5,0,H,3,0,H,9,5,8,1,17,9,5,1,0,1,0,0,1.83,3.75,4.2,1.83,3.75,4.2,1.83,3.4,4.5,1.83,3.9,4.52,1.83,3.6,4.2,1.8,3.7,4.2,1.88,3.9,4.54,1.84,3.69,4.31,2,1.8,2.03,1.88,2.04,1.92,1.96,1.85,-0.5,1.83,2.07,1.83,2.11,1.88,2.11,1.84,2.03,1.8,3.75,4.5,1.85,3.5,4.5,1.83,3.7,4.3,1.81,3.62,5.1,1.78,3.6,4.6,1.8,3.6,4.4,1.89,3.84,5.16,1.81,3.6,4.56,1.9,1.9,1.98,1.92,2.04,1.94,1.95,1.85,-0.75,2.05,1.85,2.07,1.86,2.18,1.89,2.06,1.81
D1,07/11/2020,17:30,Dortmund,Bayern Munich,2,3,A,1,1,D,15,16,5,8,15,7,4,3,2,2,0,0,4,4.33,1.75,4,4.2,1.78,3.75,4.3,1.83,3.96,4.28,1.86,4,4,1.78,3.75,4.2,1.8,4.2,4.4,1.87,3.89,4.19,1.82,1.33,3.4,1.37,3.27,1.38,3.4,1.35,3.16,0.75,1.88,2.02,1.86,2.07,1.93,2.08,1.85,2,3.1,4.1,2.05,3.1,4,2.1,3.45,4,1.95,3.12,4.01,2.21,3.1,4.2,2,3.1,4.2,2,3.45,4.6,2.22,3.1,4.06,2.09,1.33,3.4,1.37,3.29,1.38,3.66,1.34,3.17,0.25,2,1.9,1.98,1.94,2.14,1.95,2,1.86
D1,08/11/2020,14:30,Wolfsburg,Hoffenheim,2,1,H,2,0,H,14,17,8,5,15,14,3,7,1,3,0,0,2.1,3.6,3.25,2.15,3.6,3.25,2.15,3.45,3.25,2.13,3.82,3.43,2.1,3.6,3.25,2.05,3.8,3.13,2.2,3.9,3.46,2.12,3.69,3.29,1.61,2.3,1.63,2.4,1.68,2.46,1.62,2.31,-0.25,1.86,2.04,1.86,2.07,1.89,2.08,1.85,2.02,2.1,3.6,3.3,2.15,3.5,3.3,2.2,3.55,3.25,2.11,3.86,3.44,2.1,3.6,3.25,2.1,3.8,3.13,2.22,3.88,3.44,2.13,3.73,3.23,1.53,2.5,1.54,2.63,1.59,2.68,1.53,2.49,-0.25,1.85,2.05,1.85,2.09,1.91,2.09,1.85,2.02
D1,08/11/2020,17:00,Leverkusen,M'gladbach,4,3,H,2,2,D,15,15,5,6,15,12,6,2,4,2,0,0,2.2,3.5,3,2.3,3.5,3,2.4,3.35,2.9,2.42,3.68,2.96,2.35,3.4,2.9,2.3,3.6,2.8,2.45,3.76,3.05,2.36,3.56,2.92,1.66,2.2,1.7,2.26,1.76,2.33,1.67,2.22,-0.25,2.05,1.85,2.1,1.84,2.12,1.88,2.04,1.82,2.7,3.6,2.5,2.75,3.5,2.5,2.75,3.5,2.5,2.87,3.59,2.53,2.75,3.5,2.45,2.75,3.6,2.4,2.9,3.75,2.59,2.78,3.52,2.47,1.53,2.5,1.58,2.52,1.64,2.55,1.56,2.41,0,2.08,1.82,2.09,1.85,2.11,1.89,2.06,1.82
D1,21/11/2020,14:30,Bayern Munich,Werder Bremen,1,1,D,0,1,A,15,9,3,4,10,10,7,3,1,3,0,0,1.1,10,23,1.12,9.75,17.5,1.12,10,15,1.11,9.97,19.26,1.1,9.5,21,1.1,10.5,18,1.14,12,23,1.11,10.28,19.29,1.2,4.5,1.17,5.06,1.21,5.06,1.18,4.57,-2.75,2.03,1.9,1.98,1.86,2.04,1.96,1.98,1.87,1.11,10,19,1.15,8.75,16,1.15,8.5,14,1.16,8.98,16.74,1.14,8,17,1.13,9,15,1.18,10.9,21,1.15,8.85,16.11,1.22,4.33,1.23,4.49,1.26,4.5,1.23,4.01,-2.5,2,1.8,2.03,1.88,2.13,1.96,2.03,1.83
D1,21/11/2020,14:30,Bielefeld,Leverkusen,1,2,A,0,1,A,1,10,1,4,6,10,0,10,0,1,0,0,5.75,4.6,1.5,5.75,4.2,1.57,5.25,4.3,1.57,6.08,4.4,1.58,5.8,4.2,1.53,5.5,4.4,1.53,6.35,4.6,1.63,5.77,4.34,1.55,1.66,2.2,1.65,2.35,1.73,2.36,1.64,2.26,1,1.99,1.94,1.98,1.94,2.01,2,1.94,1.91,5.5,4.75,1.5,6.25,4.5,1.5,6,4.4,1.5,6.64,4.47,1.54,6,4.4,1.5,5.75,4.5,1.5,6.64,4.88,1.58,6.01,4.42,1.52,1.66,2.2,1.69,2.28,1.7,2.37,1.66,2.22,1,2.03,1.9,2.03,1.9,2.03,1.97,1.98,1.88
D1,21/11/2020,14:30,Hoffenheim,Stuttgart,3,3,D,1,2,A,13,20,8,9,15,18,3,4,3,2,0,0,2.3,3.75,2.8,2.3,3.75,2.7,2.35,3.75,2.7,2.37,3.8,2.78,2.3,3.8,2.75,2.3,4,2.63,2.5,4.02,2.88,2.36,3.85,2.74,1.44,2.75,1.46,2.71,1.53,2.76,1.48,2.62,-0.25,2.1,1.83,2.08,1.79,2.16,1.87,2.08,1.79,2.2,4,2.8,2.15,3.8,2.9,2.25,3.85,2.85,2.32,4.02,2.92,2.2,3.8,2.9,2.2,4,2.8,2.35,4.11,3,2.25,3.91,2.88,1.36,3.2,1.39,3.19,1.42,3.44,1.36,3.06,-0.25,2.03,1.9,2.04,1.89,2.08,1.93,1.99,1.87
D1,21/11/2020,14:30,M'gladbach,Augsburg,1,1,D,1,0,H,15,10,6,5,7,12,2,1,1,4,0,1,1.5,4.5,6,1.5,4.75,5.75,1.5,4.6,6,1.51,4.82,6.35,1.47,4.4,6.5,1.45,4.75,6,1.54,4.9,6.85,1.5,4.65,6.08,1.57,2.37,1.57,2.55,1.62,2.6,1.56,2.44,-1,1.82,2.11,1.82,2.11,1.87,2.13,1.8,2.07,1.5,4.5,6,1.53,4.5,5.75,1.55,4.4,5.5,1.55,4.75,5.89,1.52,4.33,5.8,1.5,4.5,5.75,1.6,4.75,6.4,1.53,4.49,5.81,1.57,2.37,1.61,2.44,1.67,2.49,1.59,2.36,-1,1.9,2.03,1.88,2.04,1.96,2.07,1.86,2
D1,21/11/2020,14:30,Schalke 04,Wolfsburg,0,2,A,0,2,A,13,19,6,8,12,11,6,4,0,1,0,0,3.8,3.6,1.95,3.75,3.5,2,3.6,3.6,2,3.99,3.66,2,3.75,3.5,2,3.6,3.6,2,3.99,3.72,2.1,3.77,3.58,1.99,1.8,2,1.85,2.06,1.88,2.07,1.82,1.99,0.5,1.92,2.01,1.93,2,1.94,2.1,1.86,2.01,3.75,3.6,1.9,3.8,3.6,1.95,3.55,3.6,2,3.92,3.78,1.99,3.8,3.5,1.95,3.6,3.75,1.95,4.06,3.8,2.05,3.76,3.65,1.96,1.72,2.1,1.78,2.14,1.82,2.26,1.76,2.07,0.5,1.92,2.01,1.93,1.99,1.93,2.05,1.88,1.99
D1,21/11/2020,17:30,Ein Frankfurt,RB Leipzig,1,1,D,1,0,H,8,10,3,3,18,12,5,6,3,2,0,0,3.8,4,1.85,4,3.6,1.91,3.55,4,1.9,3.9,4.01,1.93,3.7,3.9,1.88,3.5,4,1.9,4,4.18,2,3.76,3.91,1.91,1.53,2.5,1.56,2.57,1.59,2.57,1.54,2.45,0.5,1.98,1.95,1.99,1.93,1.99,2,1.93,1.92,4.2,4,1.75,4.2,4.1,1.75,3.95,4,1.8,4.26,4.36,1.79,3.9,4,1.8,4,4.2,1.75,4.32,4.36,1.91,4.06,4.14,1.79,1.44,2.75,1.47,2.85,1.5,2.96,1.45,2.72,0.75,1.93,2,1.93,2,1.94,2.11,1.87,2
D1,21/11/2020,19:30,Hertha,Dortmund,2,5,A,1,0,H,9,15,3,8,12,17,4,3,1,1,0,0,4.5,4.33,1.65,5,4.4,1.6,4.6,4.3,1.65,5.09,4.48,1.65,4.8,4.2,1.63,4.6,4.2,1.65,5.35,4.6,1.7,4.87,4.31,1.64,1.57,2.37,1.6,2.47,1.64,2.55,1.57,2.42,1,1.73,2.08,1.83,2.1,1.86,2.19,1.78,2.09,5.25,4.5,1.55,5.25,4.5,1.57,4.7,4.3,1.63,5.19,4.54,1.63,5.25,4.33,1.57,5,4.4,1.57,5.74,4.91,1.65,5.13,4.45,1.59,1.53,2.5,1.57,2.55,1.62,2.66,1.54,2.47,1,1.89,2.04,1.89,2.03,1.96,2.07,1.87,1.99
D1,22/11/2020,14:30,Freiburg,Mainz,1,3,A,0,3,A,19,22,6,8,6,12,9,4,0,1,0,0,2.05,3.6,3.4,2.1,3.5,3.5,2.1,3.6,3.3,2.1,3.7,3.62,2.05,3.5,3.5,2.05,3.6,3.3,2.17,3.74,3.62,2.09,3.58,3.45,1.66,2.2,1.7,2.26,1.74,2.29,1.69,2.18,-0.25,1.83,2.1,1.81,2.11,1.85,2.13,1.81,2.06,1.9,3.75,3.75,1.83,3.8,4.1,1.95,3.8,3.65,1.94,3.88,3.98,1.91,3.6,3.9,1.87,3.9,3.7,1.96,4,4.1,1.91,3.79,3.83,1.61,2.3,1.63,2.4,1.65,2.47,1.6,2.32,-0.5,1.94,1.99,1.94,1.98,1.97,1.99,1.92,1.95
D1,22/11/2020,17:00,FC Koln,Union Berlin,1,2,A,1,1,D,10,10,4,3,12,15,5,4,1,2,0,0,2.7,3.4,2.6,2.65,3.5,2.6,2.65,3.3,2.65,2.78,3.41,2.71,2.7,3.3,2.6,2.6,3.4,2.55,2.85,3.5,2.72,2.72,3.35,2.62,1.9,1.9,1.99,1.92,2,1.94,1.93,1.87,0,1.99,1.94,1.99,1.93,2.05,1.94,1.97,1.89,3.1,3.4,2.3,3.1,3.3,2.35,2.95,3.25,2.45,3.27,3.28,2.43,3.1,3.2,2.35,2.9,3.4,2.38,3.32,3.47,2.58,3.1,3.28,2.38,2,1.8,2.1,1.81,2.13,1.92,2.03,1.78,0.25,1.88,2.05,1.86,2.07,1.97,2.1,1.85,2.02
